Unknown,1748510704.6412363,Laptop Camera
Unknown,1748510704.7029135,Laptop Camera
Unknown,1748510704.7545104,Laptop Camera
Unknown,1748510704.785664,Laptop Camera
Unknown,1748510704.8394036,Laptop Camera
Unknown,1748510704.871024,Laptop Camera
Unknown,1748510704.9254017,Laptop Camera
Unknown,1748510704.9499614,Laptop Camera
Unknown,1748510704.9965346,Laptop Camera
Unknown,1748510705.019777,Laptop Camera
Unknown,1748510705.0743258,Laptop Camera
Unknown,1748510705.1185925,Laptop Camera
Unknown,1748510705.162737,Laptop Camera
Unknown,1748510705.2056584,Laptop Camera
Unknown,1748510705.2429836,Laptop Camera
Unknown,1748510705.288396,Laptop Camera
Unknown,1748510705.3307822,Laptop Camera
Unknown,1748510705.3709428,Laptop Camera
Unknown,1748510705.4121895,Laptop Camera
Unknown,1748510705.450014,Laptop Camera
Unknown,1748510705.4898915,Laptop Camera
Unknown,1748510705.532764,Laptop Camera
Unknown,1748510705.5772815,Laptop Camera
Unknown,1748510705.627588,Laptop Camera
Unknown,1748510705.6792154,Laptop Camera
Unknown,1748510705.7067533,Laptop Camera
Unknown,1748510705.7576995,Laptop Camera
Unknown,1748510705.785377,Laptop Camera
Unknown,1748510705.8362753,Laptop Camera
Unknown,1748510705.8628569,Laptop Camera
Unknown,1748510705.9186451,Laptop Camera
Unknown,1748510705.9455469,Laptop Camera
Unknown,1748510705.9901948,Laptop Camera
Unknown,1748510706.0132506,Laptop Camera
Unknown,1748510706.055478,Laptop Camera
Unknown,1748510706.0785627,Laptop Camera
Unknown,1748510706.1220672,Laptop Camera
Unknown,1748510706.14716,Laptop Camera
Unknown,1748510706.1921425,Laptop Camera
Unknown,1748510706.2430646,Laptop Camera
Unknown,1748510706.2656908,Laptop Camera
Unknown,1748510706.3155508,Laptop Camera
Unknown,1748510706.3611772,Laptop Camera
Unknown,1748510706.4054139,Laptop Camera
Unknown,1748510706.450063,Laptop Camera
Unknown,1748510706.4918785,Laptop Camera
Unknown,1748510706.5346975,Laptop Camera
Unknown,1748510706.5755854,Laptop Camera
Unknown,1748510706.6166844,Laptop Camera
Unknown,1748510706.6628466,Laptop Camera
Unknown,1748510706.7056499,Laptop Camera
Unknown,1748510706.7493086,Laptop Camera
Unknown,1748510706.7928612,Laptop Camera
Unknown,1748510706.835354,Laptop Camera
Unknown,1748510706.8856008,Laptop Camera
Unknown,1748510706.9308915,Laptop Camera
Unknown,1748510706.9763107,Laptop Camera
Unknown,1748510707.0245702,Laptop Camera
Unknown,1748510707.068591,Laptop Camera
Unknown,1748510707.1118689,Laptop Camera
Unknown,1748510707.1555011,Laptop Camera
Unknown,1748510707.200024,Laptop Camera
Unknown,1748510707.242095,Laptop Camera
Unknown,1748510707.2864826,Laptop Camera
Unknown,1748510707.332209,Laptop Camera
Unknown,1748510707.3744838,Laptop Camera
Unknown,1748510707.4168012,Laptop Camera
Unknown,1748510707.4628522,Laptop Camera
Unknown,1748510707.5077336,Laptop Camera
Unknown,1748510707.549766,Laptop Camera
Unknown,1748510707.5899358,Laptop Camera
Unknown,1748510707.6300662,Laptop Camera
Unknown,1748510707.6708772,Laptop Camera
Unknown,1748510707.7134259,Laptop Camera
Unknown,1748510707.7554765,Laptop Camera
Unknown,1748510707.7976038,Laptop Camera
Unknown,1748510707.8411093,Laptop Camera
Unknown,1748510707.883061,Laptop Camera
Unknown,1748510707.9228082,Laptop Camera
Unknown,1748510707.9653919,Laptop Camera
Unknown,1748510708.0063868,Laptop Camera
Unknown,1748510708.0463765,Laptop Camera
Unknown,1748510708.0876987,Laptop Camera
Unknown,1748510708.1317925,Laptop Camera
Unknown,1748510708.175467,Laptop Camera
Unknown,1748510708.2175665,Laptop Camera
Unknown,1748510708.2598033,Laptop Camera
Unknown,1748510708.3076105,Laptop Camera
Unknown,1748510708.3507082,Laptop Camera
Unknown,1748510708.394581,Laptop Camera
Unknown,1748510708.4346213,Laptop Camera
Unknown,1748510708.479869,Laptop Camera
Unknown,1748510708.5217123,Laptop Camera
Unknown,1748510708.5646749,Laptop Camera
Unknown,1748510708.6075616,Laptop Camera
Unknown,1748510708.6495087,Laptop Camera
Unknown,1748510708.69229,Laptop Camera
Unknown,1748510708.741954,Laptop Camera
Unknown,1748510708.7854226,Laptop Camera
Unknown,1748510708.82834,Laptop Camera
Unknown,1748510708.8709297,Laptop Camera
Unknown,1748510708.9163811,Laptop Camera
Unknown,1748510708.9597478,Laptop Camera
Unknown,1748510709.002025,Laptop Camera
Unknown,1748510709.0443459,Laptop Camera
Unknown,1748510709.0898528,Laptop Camera
Unknown,1748510709.1345582,Laptop Camera
Unknown,1748510709.177712,Laptop Camera
Unknown,1748510709.2229517,Laptop Camera
Unknown,1748510709.268428,Laptop Camera
Unknown,1748510709.3163576,Laptop Camera
Unknown,1748510709.3576827,Laptop Camera
Unknown,1748510709.4047136,Laptop Camera
Unknown,1748510709.4545388,Laptop Camera
Unknown,1748510709.4977205,Laptop Camera
Unknown,1748510709.5417619,Laptop Camera
Unknown,1748510709.5856907,Laptop Camera
Unknown,1748510709.6329787,Laptop Camera
Unknown,1748510709.6783154,Laptop Camera
Unknown,1748510709.7275553,Laptop Camera
Unknown,1748510709.7767222,Laptop Camera
Unknown,1748510709.8210077,Laptop Camera
Unknown,1748510709.8675299,Laptop Camera
Unknown,1748510709.9097614,Laptop Camera
Unknown,1748510709.9430463,Laptop Camera
Unknown,1748510709.9837492,Laptop Camera
Unknown,1748510710.0008862,Laptop Camera
Unknown,1748510710.0474539,Laptop Camera
Unknown,1748510710.0675538,Laptop Camera
Unknown,1748510710.1147864,Laptop Camera
Unknown,1748510710.1319585,Laptop Camera
Unknown,1748510710.1718585,Laptop Camera
Unknown,1748510710.1898742,Laptop Camera
Unknown,1748510710.2331245,Laptop Camera
Unknown,1748510710.249734,Laptop Camera
Unknown,1748510710.2929926,Laptop Camera
Unknown,1748510710.3130555,Laptop Camera
Unknown,1748510710.3552759,Laptop Camera
Unknown,1748510710.3719587,Laptop Camera
Unknown,1748510710.414964,Laptop Camera
Unknown,1748510710.432096,Laptop Camera
Unknown,1748510710.4746504,Laptop Camera
Unknown,1748510710.491745,Laptop Camera
Unknown,1748510710.5345101,Laptop Camera
Unknown,1748510710.5500612,Laptop Camera
Unknown,1748510710.5917683,Laptop Camera
Unknown,1748510710.609367,Laptop Camera
Unknown,1748510710.6518319,Laptop Camera
Unknown,1748510710.6674,Laptop Camera
Unknown,1748510710.7127776,Laptop Camera
Unknown,1748510710.731023,Laptop Camera
Unknown,1748510710.7727888,Laptop Camera
Unknown,1748510710.7908428,Laptop Camera
Unknown,1748510710.8320758,Laptop Camera
Unknown,1748510710.8499458,Laptop Camera
Unknown,1748510710.8917208,Laptop Camera
Unknown,1748510710.9327235,Laptop Camera
Unknown,1748510710.949757,Laptop Camera
Unknown,1748510710.9919538,Laptop Camera
Unknown,1748510711.007665,Laptop Camera
Unknown,1748510711.0499804,Laptop Camera
Unknown,1748510711.0685453,Laptop Camera
Unknown,1748510711.1119022,Laptop Camera
Unknown,1748510711.1274383,Laptop Camera
Unknown,1748510711.169287,Laptop Camera
Unknown,1748510711.1843374,Laptop Camera
Unknown,1748510711.2297106,Laptop Camera
Unknown,1748510711.2473035,Laptop Camera
Unknown,1748510711.2884426,Laptop Camera
Unknown,1748510711.3030045,Laptop Camera
Unknown,1748510711.3463497,Laptop Camera
Unknown,1748510711.367689,Laptop Camera
Unknown,1748510711.41079,Laptop Camera
Unknown,1748510711.425414,Laptop Camera
Unknown,1748510711.4675796,Laptop Camera
Unknown,1748510711.4831443,Laptop Camera
Unknown,1748510711.5252664,Laptop Camera
Unknown,1748510711.542062,Laptop Camera
Unknown,1748510711.588456,Laptop Camera
Unknown,1748510711.6045485,Laptop Camera
Unknown,1748510711.6485245,Laptop Camera
Unknown,1748510711.6663296,Laptop Camera
Unknown,1748510711.7119617,Laptop Camera
Unknown,1748510711.728523,Laptop Camera
Unknown,1748510711.7696307,Laptop Camera
Unknown,1748510711.78773,Laptop Camera
Unknown,1748510711.8329976,Laptop Camera
Unknown,1748510711.8772733,Laptop Camera
Unknown,1748510711.8963683,Laptop Camera
Unknown,1748510711.9365897,Laptop Camera
Unknown,1748510711.9800086,Laptop Camera
Unknown,1748510712.0265512,Laptop Camera
Unknown,1748510712.043114,Laptop Camera
Unknown,1748510712.0847406,Laptop Camera
Unknown,1748510712.1000972,Laptop Camera
Unknown,1748510712.1428246,Laptop Camera
Unknown,1748510712.1672792,Laptop Camera
Unknown,1748510712.2117317,Laptop Camera
Unknown,1748510712.2343156,Laptop Camera
Unknown,1748510712.2774582,Laptop Camera
Unknown,1748510712.3000698,Laptop Camera
Unknown,1748510712.343623,Laptop Camera
Unknown,1748510712.3763447,Laptop Camera
Unknown,1748510712.422935,Laptop Camera
Unknown,1748510712.4375076,Laptop Camera
Unknown,1748510712.4818845,Laptop Camera
Unknown,1748510712.498435,Laptop Camera
Unknown,1748510712.5400925,Laptop Camera
Unknown,1748510712.5556467,Laptop Camera
Unknown,1748510712.5973601,Laptop Camera
Unknown,1748510712.6171987,Laptop Camera
Unknown,1748510712.6554463,Laptop Camera
Unknown,1748510712.6986418,Laptop Camera
Unknown,1748510712.7168329,Laptop Camera
Unknown,1748510712.7572958,Laptop Camera
Unknown,1748510712.7728622,Laptop Camera
Unknown,1748510712.814631,Laptop Camera
Unknown,1748510712.855696,Laptop Camera
Unknown,1748510712.8728456,Laptop Camera
Unknown,1748510712.9180458,Laptop Camera
Unknown,1748510712.9600377,Laptop Camera
Unknown,1748510713.0028403,Laptop Camera
Unknown,1748510713.046758,Laptop Camera
Unknown,1748510713.0947433,Laptop Camera
Unknown,1748510713.110816,Laptop Camera
Unknown,1748510713.1534305,Laptop Camera
Unknown,1748510713.1709993,Laptop Camera
Unknown,1748510713.2144837,Laptop Camera
Unknown,1748510713.2327976,Laptop Camera
Unknown,1748510713.274445,Laptop Camera
Unknown,1748510713.293174,Laptop Camera
Unknown,1748510713.3374352,Laptop Camera
Unknown,1748510713.3520138,Laptop Camera
Unknown,1748510713.3966234,Laptop Camera
Unknown,1748510713.4383945,Laptop Camera
Unknown,1748510713.4544888,Laptop Camera
Unknown,1748510713.4982815,Laptop Camera
Unknown,1748510713.542011,Laptop Camera
Unknown,1748510713.5828166,Laptop Camera
Unknown,1748510713.6230407,Laptop Camera
Unknown,1748510713.6628814,Laptop Camera
Unknown,1748510713.705537,Laptop Camera
Unknown,1748510713.74785,Laptop Camera
Unknown,1748510713.788597,Laptop Camera
Unknown,1748510713.8356774,Laptop Camera
Unknown,1748510713.8800912,Laptop Camera
Unknown,1748510713.9286168,Laptop Camera
Unknown,1748510713.947547,Laptop Camera
Unknown,1748510713.991106,Laptop Camera
Unknown,1748510714.0398629,Laptop Camera
Unknown,1748510714.0821304,Laptop Camera
Unknown,1748510714.1244643,Laptop Camera
Unknown,1748510714.1664176,Laptop Camera
Unknown,1748510714.2077003,Laptop Camera
Unknown,1748510714.2510645,Laptop Camera
Unknown,1748510714.2920988,Laptop Camera
Unknown,1748510714.332954,Laptop Camera
Unknown,1748510714.377295,Laptop Camera
Unknown,1748510714.3918645,Laptop Camera
Unknown,1748510714.4319587,Laptop Camera
Unknown,1748510714.472909,Laptop Camera
Unknown,1748510714.5145495,Laptop Camera
Unknown,1748510714.5556016,Laptop Camera
Unknown,1748510714.5701852,Laptop Camera
Unknown,1748510714.6120617,Laptop Camera
Unknown,1748510714.6319811,Laptop Camera
Unknown,1748510714.6711442,Laptop Camera
Unknown,1748510714.6897604,Laptop Camera
Unknown,1748510714.7300828,Laptop Camera
Unknown,1748510714.7466424,Laptop Camera
Unknown,1748510714.7898455,Laptop Camera
Unknown,1748510714.807417,Laptop Camera
Unknown,1748510714.8485906,Laptop Camera
Unknown,1748510714.8966591,Laptop Camera
Unknown,1748510714.9381673,Laptop Camera
Unknown,1748510714.9807332,Laptop Camera
Unknown,1748510714.997363,Laptop Camera
Unknown,1748510715.0466516,Laptop Camera
Unknown,1748510715.0629897,Laptop Camera
Unknown,1748510715.104274,Laptop Camera
Unknown,1748510715.1205711,Laptop Camera
Unknown,1748510715.1619036,Laptop Camera
Unknown,1748510715.1765249,Laptop Camera
Unknown,1748510715.2181976,Laptop Camera
Unknown,1748510715.2356224,Laptop Camera
Unknown,1748510715.2745376,Laptop Camera
Unknown,1748510715.2931354,Laptop Camera
Unknown,1748510715.3386157,Laptop Camera
Unknown,1748510715.3527753,Laptop Camera
Unknown,1748510715.3975682,Laptop Camera
Unknown,1748510715.41313,Laptop Camera
Unknown,1748510725.1731694,Phone Camera
Unknown,1748510725.2476459,Phone Camera
Unknown,1748510725.3018396,Phone Camera
Unknown,1748510725.3508654,Phone Camera
Unknown,1748510725.4006548,Phone Camera
Unknown,1748510725.4496443,Phone Camera
Unknown,1748510725.498703,Phone Camera
Unknown,1748510725.5484343,Phone Camera
Unknown,1748510725.5984626,Phone Camera
Unknown,1748510725.6452913,Phone Camera
Unknown,1748510725.6977835,Phone Camera
Unknown,1748510725.7456443,Phone Camera
Unknown,1748510725.794543,Phone Camera
Unknown,1748510725.843394,Phone Camera
Unknown,1748510725.9407933,Phone Camera
Unknown,1748510725.9828115,Phone Camera
Unknown,1748510726.025616,Phone Camera
Unknown,1748510726.081863,Phone Camera
Unknown,1748510726.122674,Phone Camera
Unknown,1748510726.1628385,Phone Camera
Unknown,1748510726.2010524,Phone Camera
Unknown,1748510726.242003,Phone Camera
Unknown,1748510726.2802937,Phone Camera
Unknown,1748510726.3201647,Phone Camera
Unknown,1748510726.3605726,Phone Camera
Unknown,1748510726.4177284,Phone Camera
Unknown,1748510726.4593675,Phone Camera
Unknown,1748510726.5021453,Phone Camera
Unknown,1748510726.5398388,Phone Camera
Unknown,1748510726.6061614,Phone Camera
Unknown,1748510726.6528702,Phone Camera
Unknown,1748510726.698417,Phone Camera
Unknown,1748510726.758434,Phone Camera
Unknown,1748510726.8228757,Phone Camera
Unknown,1748510726.881439,Phone Camera
Unknown,1748510726.9252863,Phone Camera
Unknown,1748510726.9657168,Phone Camera
Unknown,1748510727.0064433,Phone Camera
Unknown,1748510727.0664253,Phone Camera
Unknown,1748510727.1083858,Phone Camera
Unknown,1748510727.168702,Phone Camera
Unknown,1748510727.2307253,Phone Camera
Unknown,1748510727.2706373,Phone Camera
Unknown,1748510727.3128226,Phone Camera
Unknown,1748510727.3760178,Phone Camera
Unknown,1748510727.4172988,Phone Camera
Unknown,1748510727.4593909,Phone Camera
Unknown,1748510727.5062141,Phone Camera
Unknown,1748510727.549854,Phone Camera
Unknown,1748510727.591037,Phone Camera
Unknown,1748510727.6321425,Phone Camera
Unknown,1748510727.6746874,Phone Camera
Unknown,1748510727.7135177,Phone Camera
Unknown,1748510727.7575123,Phone Camera
Unknown,1748510727.8015199,Phone Camera
Unknown,1748510727.8428864,Phone Camera
Unknown,1748510727.9075239,Phone Camera
Unknown,1748510727.9494221,Phone Camera
Unknown,1748510728.0078964,Phone Camera
Unknown,1748510728.0484307,Phone Camera
Unknown,1748510728.091874,Phone Camera
Unknown,1748510728.136321,Phone Camera
Unknown,1748510728.1768348,Phone Camera
Unknown,1748510728.2157094,Phone Camera
Unknown,1748510728.2564979,Phone Camera
Unknown,1748510728.2966835,Phone Camera
Unknown,1748510728.35282,Phone Camera
Unknown,1748510728.4147391,Phone Camera
Unknown,1748510728.4616423,Phone Camera
Unknown,1748510728.505319,Phone Camera
Unknown,1748510728.5475965,Phone Camera
Unknown,1748510728.6094608,Phone Camera
Unknown,1748510728.6663861,Phone Camera
Unknown,1748510728.7096598,Phone Camera
Unknown,1748510728.7697182,Phone Camera
Unknown,1748510728.8327563,Phone Camera
Unknown,1748510728.8729305,Phone Camera
Unknown,1748510728.91302,Phone Camera
Unknown,1748510728.9495993,Phone Camera
Unknown,1748510728.9918098,Phone Camera
Unknown,1748510729.031639,Phone Camera
Unknown,1748510729.0496297,Phone Camera
Unknown,1748510729.0865548,Phone Camera
Unknown,1748510729.1056352,Phone Camera
Unknown,1748510729.1408472,Phone Camera
Unknown,1748510729.161605,Phone Camera
Unknown,1748510729.203374,Phone Camera
Unknown,1748510729.2235937,Phone Camera
Unknown,1748510729.2627776,Phone Camera
Unknown,1748510729.2984204,Phone Camera
Unknown,1748510729.3229833,Phone Camera
Unknown,1748510729.3615386,Phone Camera
Unknown,1748510729.4011877,Phone Camera
Unknown,1748510729.4196298,Phone Camera
Unknown,1748510729.4664476,Phone Camera
Unknown,1748510729.5043461,Phone Camera
Unknown,1748510729.549351,Phone Camera
Unknown,1748510729.5943198,Phone Camera
Unknown,1748510729.636977,Phone Camera
Unknown,1748510729.6796749,Phone Camera
Unknown,1748510729.695585,Phone Camera
Unknown,1748510729.7383995,Phone Camera
Unknown,1748510729.7523797,Phone Camera
Unknown,1748510729.793395,Phone Camera
Unknown,1748510729.811149,Phone Camera
Unknown,1748510729.8553245,Phone Camera
Unknown,1748510729.8712194,Phone Camera
Unknown,1748510729.9153805,Phone Camera
Unknown,1748510729.9314554,Phone Camera
Unknown,1748510729.9698212,Phone Camera
Unknown,1748510730.0113227,Phone Camera
Unknown,1748510730.0403278,Phone Camera
Unknown,1748510730.0769048,Phone Camera
Unknown,1748510730.1120083,Phone Camera
Unknown,1748510730.1325176,Phone Camera
Unknown,1748510730.1708455,Phone Camera
Unknown,1748510730.1923466,Phone Camera
Unknown,1748510730.2330332,Phone Camera
Unknown,1748510730.252255,Phone Camera
Unknown,1748510730.291106,Phone Camera
Unknown,1748510730.3314369,Phone Camera
Unknown,1748510730.3700154,Phone Camera
Unknown,1748510730.3975809,Phone Camera
Unknown,1748510730.4358358,Phone Camera
Unknown,1748510730.4704585,Phone Camera
Unknown,1748510730.4844718,Phone Camera
Unknown,1748510730.5218174,Phone Camera
Unknown,1748510730.5372887,Phone Camera
Unknown,1748510730.5708132,Phone Camera
Unknown,1748510730.5905797,Phone Camera
Unknown,1748510730.6309729,Phone Camera
Unknown,1748510730.6507194,Phone Camera
Unknown,1748510730.6856074,Phone Camera
Unknown,1748510730.7057226,Phone Camera
Unknown,1748510730.7445564,Phone Camera
Unknown,1748510730.7656147,Phone Camera
Unknown,1748510730.801488,Phone Camera
Unknown,1748510730.830078,Phone Camera
Unknown,1748510730.8663971,Phone Camera
Unknown,1748510730.8798463,Phone Camera
Unknown,1748510730.9207263,Phone Camera
Unknown,1748510730.9372416,Phone Camera
Unknown,1748510730.9747038,Phone Camera
Unknown,1748510730.9883971,Phone Camera
Unknown,1748510731.0264924,Phone Camera
Unknown,1748510731.042158,Phone Camera
Unknown,1748510731.084728,Phone Camera
Unknown,1748510731.099774,Phone Camera
Unknown,1748510731.1400197,Phone Camera
Unknown,1748510731.15307,Phone Camera
Unknown,1748510731.190491,Phone Camera
Unknown,1748510731.2074828,Phone Camera
Unknown,1748510731.2473786,Phone Camera
Unknown,1748510731.260088,Phone Camera
Unknown,1748510731.3004217,Phone Camera
Unknown,1748510731.3128412,Phone Camera
Unknown,1748510731.3528671,Phone Camera
Unknown,1748510731.3736098,Phone Camera
Unknown,1748510731.4128747,Phone Camera
Unknown,1748510731.4416258,Phone Camera
Unknown,1748510731.4794393,Phone Camera
Unknown,1748510731.4927747,Phone Camera
Unknown,1748510731.5307357,Phone Camera
Unknown,1748510731.5472875,Phone Camera
Unknown,1748510731.5866995,Phone Camera
Unknown,1748510731.6032836,Phone Camera
Unknown,1748510731.6416392,Phone Camera
Unknown,1748510731.6558392,Phone Camera
Unknown,1748510731.6954672,Phone Camera
Unknown,1748510731.7100265,Phone Camera
Unknown,1748510731.7485693,Phone Camera
Unknown,1748510731.7619228,Phone Camera
Unknown,1748510731.7973468,Phone Camera
Unknown,1748510731.8103878,Phone Camera
Unknown,1748510731.8507829,Phone Camera
Unknown,1748510731.865362,Phone Camera
Unknown,1748510731.9073353,Phone Camera
Unknown,1748510731.921635,Phone Camera
Unknown,1748510731.9685097,Phone Camera
Unknown,1748510731.983756,Phone Camera
Unknown,1748510732.018352,Phone Camera
Unknown,1748510732.0382915,Phone Camera
Unknown,1748510732.0777977,Phone Camera
Unknown,1748510732.1095767,Phone Camera
Unknown,1748510732.1494892,Phone Camera
Unknown,1748510732.1685357,Phone Camera
Unknown,1748510732.2064545,Phone Camera
Unknown,1748510732.2331164,Phone Camera
Unknown,1748510732.271488,Phone Camera
Unknown,1748510732.2868311,Phone Camera
Unknown,1748510732.324587,Phone Camera
Unknown,1748510732.344643,Phone Camera
Unknown,1748510732.3833032,Phone Camera
Unknown,1748510732.406378,Phone Camera
Unknown,1748510732.44435,Phone Camera
Unknown,1748510732.4633248,Phone Camera
Unknown,1748510732.5043132,Phone Camera
Unknown,1748510732.5253813,Phone Camera
Unknown,1748510732.5619097,Phone Camera
Unknown,1748510732.590848,Phone Camera
Unknown,1748510732.6283765,Phone Camera
Unknown,1748510732.6433656,Phone Camera
Unknown,1748510732.681677,Phone Camera
Unknown,1748510732.7032468,Phone Camera
Unknown,1748510732.7373555,Phone Camera
Unknown,1748510732.7603903,Phone Camera
Unknown,1748510732.7984807,Phone Camera
Unknown,1748510732.8265824,Phone Camera
Unknown,1748510732.8655996,Phone Camera
Unknown,1748510732.8845189,Phone Camera
Unknown,1748510732.9228299,Phone Camera
Unknown,1748510732.9456418,Phone Camera
Unknown,1748510732.9835055,Phone Camera
Unknown,1748510733.0029414,Phone Camera
Unknown,1748510733.0429454,Phone Camera
Unknown,1748510733.066526,Phone Camera
Unknown,1748510733.101813,Phone Camera
Unknown,1748510733.1234708,Phone Camera
Unknown,1748510733.1595788,Phone Camera
Unknown,1748510733.1908507,Phone Camera
Unknown,1748510733.2294674,Phone Camera
Unknown,1748510733.2505019,Phone Camera
Unknown,1748510733.2904177,Phone Camera
Unknown,1748510733.3114285,Phone Camera
Unknown,1748510733.3476894,Phone Camera
Unknown,1748510733.3682516,Phone Camera
Unknown,1748510733.4065013,Phone Camera
Unknown,1748510733.4266217,Phone Camera
Unknown,1748510733.4673522,Phone Camera
Unknown,1748510733.5104294,Phone Camera
Unknown,1748510733.5431833,Phone Camera
Unknown,1748510733.5874507,Phone Camera
Unknown,1748510733.6022763,Phone Camera
Unknown,1748510733.6455262,Phone Camera
Unknown,1748510733.6636071,Phone Camera
Unknown,1748510733.6993742,Phone Camera
Unknown,1748510733.7394295,Phone Camera
Unknown,1748510733.7525408,Phone Camera
Unknown,1748510733.7917948,Phone Camera
Unknown,1748510733.806299,Phone Camera
Unknown,1748510733.84546,Phone Camera
Unknown,1748510733.8835988,Phone Camera
Unknown,1748510733.8985562,Phone Camera
Unknown,1748510733.9397092,Phone Camera
Unknown,1748510733.957493,Phone Camera
Unknown,1748510734.0017881,Phone Camera
Unknown,1748510734.0153406,Phone Camera
Unknown,1748510734.0530596,Phone Camera
Unknown,1748510734.0753372,Phone Camera
Unknown,1748510734.1154099,Phone Camera
Unknown,1748510734.137361,Phone Camera
Unknown,1748510734.174414,Phone Camera
Unknown,1748510734.1979017,Phone Camera
Unknown,1748510734.23632,Phone Camera
Unknown,1748510734.2545135,Phone Camera
Unknown,1748510734.2931616,Phone Camera
Unknown,1748510734.3133037,Phone Camera
Unknown,1748510734.3508983,Phone Camera
Unknown,1748510734.3782616,Phone Camera
Unknown,1748510734.4173841,Phone Camera
Unknown,1748510734.4396548,Phone Camera
Unknown,1748510734.481395,Phone Camera
Unknown,1748510734.5027263,Phone Camera
Unknown,1748510734.5531251,Phone Camera
Unknown,1748510734.571234,Phone Camera
Unknown,1748510779.1790407,Phone Camera
Unknown,1748510779.272935,Phone Camera
Unknown,1748510779.3564818,Phone Camera
Unknown,1748510779.4429662,Phone Camera
Unknown,1748510779.5105524,Phone Camera
Unknown,1748510779.55965,Phone Camera
Unknown,1748510779.6102653,Phone Camera
Unknown,1748510779.6554694,Phone Camera
Unknown,1748510779.7554243,Phone Camera
Unknown,1748510779.8013918,Phone Camera
Unknown,1748510779.855308,Phone Camera
Unknown,1748510779.902243,Phone Camera
Unknown,1748510779.9242945,Phone Camera
Unknown,1748510779.985497,Phone Camera
Unknown,1748510780.0307176,Phone Camera
Unknown,1748510780.092682,Phone Camera
Unknown,1748510780.114252,Phone Camera
Unknown,1748510780.1673636,Phone Camera
Unknown,1748510780.190507,Phone Camera
Unknown,1748510780.2418802,Phone Camera
Unknown,1748510780.2665522,Phone Camera
Unknown,1748510780.312721,Phone Camera
Unknown,1748510780.3424406,Phone Camera
Unknown,1748510780.3916614,Phone Camera
Unknown,1748510780.4114783,Phone Camera
Unknown,1748510780.4545803,Phone Camera
Unknown,1748510780.4746935,Phone Camera
Unknown,1748510780.5194616,Phone Camera
Unknown,1748510780.5406532,Phone Camera
Unknown,1748510780.585442,Phone Camera
Unknown,1748510780.6145122,Phone Camera
Unknown,1748510780.6573858,Phone Camera
Unknown,1748510780.67356,Phone Camera
Unknown,1748510780.7192805,Phone Camera
Unknown,1748510780.739702,Phone Camera
Unknown,1748510780.783489,Phone Camera
Unknown,1748510780.810653,Phone Camera
Unknown,1748510780.8533747,Phone Camera
Unknown,1748510780.8725212,Phone Camera
Unknown,1748510780.91726,Phone Camera
Unknown,1748510780.9454308,Phone Camera
Unknown,1748510780.990336,Phone Camera
Unknown,1748510781.0024168,Phone Camera
Unknown,1748510781.0472507,Phone Camera
Unknown,1748510781.069491,Phone Camera
Unknown,1748510781.1096215,Phone Camera
Unknown,1748510781.1294925,Phone Camera
Unknown,1748510781.1736887,Phone Camera
Unknown,1748510781.1932824,Phone Camera
Unknown,1748510781.233592,Phone Camera
Unknown,1748510781.252505,Phone Camera
Unknown,1748510781.2973528,Phone Camera
Unknown,1748510781.3165057,Phone Camera
Unknown,1748510781.357462,Phone Camera
Unknown,1748510781.3755713,Phone Camera
Unknown,1748510781.419225,Phone Camera
Unknown,1748510781.4394681,Phone Camera
Unknown,1748510781.483534,Phone Camera
Unknown,1748510781.5017793,Phone Camera
Unknown,1748510781.5446208,Phone Camera
Unknown,1748510781.564447,Phone Camera
Unknown,1748510781.6086752,Phone Camera
Unknown,1748510781.6284919,Phone Camera
Unknown,1748510781.6715686,Phone Camera
Unknown,1748510781.6908631,Phone Camera
Unknown,1748510781.7336736,Phone Camera
Unknown,1748510781.751737,Phone Camera
Unknown,1748510781.8036177,Phone Camera
Unknown,1748510781.821885,Phone Camera
Unknown,1748510781.8746548,Phone Camera
Unknown,1748510781.8944857,Phone Camera
Unknown,1748510781.9374015,Phone Camera
Unknown,1748510781.9575884,Phone Camera
Unknown,1748510782.0014386,Phone Camera
Unknown,1748510782.0204601,Phone Camera
Unknown,1748510782.0664842,Phone Camera
Unknown,1748510782.1103091,Phone Camera
Unknown,1748510782.1545162,Phone Camera
Unknown,1748510782.1957078,Phone Camera
Unknown,1748510782.2466981,Phone Camera
Unknown,1748510782.290314,Phone Camera
Unknown,1748510782.3365867,Phone Camera
Unknown,1748510782.3854702,Phone Camera
Unknown,1748510782.4308338,Phone Camera
Unknown,1748510782.4727328,Phone Camera
Unknown,1748510782.5153015,Phone Camera
Unknown,1748510782.5615773,Phone Camera
Rambo,1748510782.6146388,Phone Camera
Rambo,1748510782.6523492,Phone Camera
Rambo,1748510782.6955154,Phone Camera
Rambo,1748510782.7346914,Phone Camera
Rambo,1748510782.771881,Phone Camera
Rambo,1748510782.814344,Phone Camera
Rambo,1748510782.8542438,Phone Camera
Rambo,1748510782.89443,Phone Camera
Rambo,1748510782.932366,Phone Camera
Rambo,1748510782.9724631,Phone Camera
Rambo,1748510783.0115235,Phone Camera
Rambo,1748510783.0496864,Phone Camera
Rambo,1748510783.089629,Phone Camera
Rambo,1748510783.1365364,Phone Camera
Rambo,1748510783.1726995,Phone Camera
Rambo,1748510783.2143908,Phone Camera
Rambo,1748510783.255271,Phone Camera
Rambo,1748510783.2972286,Phone Camera
Rambo,1748510783.3373802,Phone Camera
Rambo,1748510783.3854132,Phone Camera
Rambo,1748510783.4243536,Phone Camera
Rambo,1748510783.4627986,Phone Camera
Rambo,1748510783.5064783,Phone Camera
Rambo,1748510783.547544,Phone Camera
Rambo,1748510783.597282,Phone Camera
Rambo,1748510783.6374786,Phone Camera
Rambo,1748510783.6766434,Phone Camera
Rambo,1748510783.7173462,Phone Camera
Rambo,1748510783.7572918,Phone Camera
Rambo,1748510783.7973783,Phone Camera
Rambo,1748510783.8387213,Phone Camera
Rambo,1748510783.8743987,Phone Camera
Rambo,1748510783.9164991,Phone Camera
Rambo,1748510783.955604,Phone Camera
Rambo,1748510783.9943807,Phone Camera
Rambo,1748510784.0330749,Phone Camera
Rambo,1748510784.0787978,Phone Camera
Rambo,1748510784.1197345,Phone Camera
Rambo,1748510784.1645138,Phone Camera
Rambo,1748510784.2016559,Phone Camera
Rambo,1748510784.2443075,Phone Camera
Rambo,1748510784.292778,Phone Camera
Rambo,1748510784.3397744,Phone Camera
Rambo,1748510784.383522,Phone Camera
Rambo,1748510784.4314907,Phone Camera
Rambo,1748510784.4712694,Phone Camera
Rambo,1748510784.5114071,Phone Camera
Rambo,1748510784.5534282,Phone Camera
Rambo,1748510784.5920384,Phone Camera
Rambo,1748510784.631594,Phone Camera
Rambo,1748510784.6736882,Phone Camera
Rambo,1748510784.717358,Phone Camera
Rambo,1748510784.7613108,Phone Camera
Rambo,1748510784.8105748,Phone Camera
Rambo,1748510784.8572216,Phone Camera
Rambo,1748510784.903488,Phone Camera
Rambo,1748510784.942341,Phone Camera
Rambo,1748510784.9794862,Phone Camera
Rambo,1748510785.0189571,Phone Camera
Rambo,1748510785.0573182,Phone Camera
Rambo,1748510785.1027668,Phone Camera
Rambo,1748510785.1484172,Phone Camera
Rambo,1748510785.1852348,Phone Camera
Rambo,1748510785.225478,Phone Camera
Rambo,1748510785.268813,Phone Camera
Rambo,1748510785.310697,Phone Camera
Rambo,1748510785.354374,Phone Camera
Rambo,1748510785.3976572,Phone Camera
Rambo,1748510785.443398,Phone Camera
Rambo,1748510785.484526,Phone Camera
Rambo,1748510785.5251126,Phone Camera
Rambo,1748510785.5636866,Phone Camera
Rambo,1748510785.604307,Phone Camera
Rambo,1748510785.6424143,Phone Camera
Rambo,1748510785.6887522,Phone Camera
Rambo,1748510785.7304108,Phone Camera
Rambo,1748510785.7728999,Phone Camera
Rambo,1748510785.814285,Phone Camera
Rambo,1748510785.854462,Phone Camera
Rambo,1748510785.8939571,Phone Camera
Rambo,1748510785.9286087,Phone Camera
Rambo,1748510785.9688342,Phone Camera
Rambo,1748510786.011231,Phone Camera
Rambo,1748510786.0495458,Phone Camera
Rambo,1748510786.0904763,Phone Camera
Rambo,1748510786.1352372,Phone Camera
Rambo,1748510786.177424,Phone Camera
Rambo,1748510786.2165856,Phone Camera
Rambo,1748510786.2533703,Phone Camera
Rambo,1748510786.2954178,Phone Camera
Rambo,1748510786.3332224,Phone Camera
Rambo,1748510786.3724296,Phone Camera
Rambo,1748510786.4144273,Phone Camera
Rambo,1748510786.4565902,Phone Camera
Rambo,1748510786.4955628,Phone Camera
Rambo,1748510786.5387616,Phone Camera
Rambo,1748510786.5783746,Phone Camera
Rambo,1748510786.6154444,Phone Camera
Rambo,1748510786.6555223,Phone Camera
Rambo,1748510786.7007048,Phone Camera
Rambo,1748510786.7424169,Phone Camera
Rambo,1748510786.782424,Phone Camera
Rambo,1748510786.8206425,Phone Camera
Rambo,1748510786.858412,Phone Camera
Rambo,1748510786.9186835,Phone Camera
Rambo,1748510786.9643965,Phone Camera
Rambo,1748510787.007415,Phone Camera
Rambo,1748510787.0475962,Phone Camera
Rambo,1748510787.0874329,Phone Camera
Rambo,1748510787.128654,Phone Camera
Rambo,1748510787.1746926,Phone Camera
Rambo,1748510787.2174244,Phone Camera
Rambo,1748510787.2527544,Phone Camera
Rambo,1748510787.295288,Phone Camera
Rambo,1748510787.3354654,Phone Camera
Rambo,1748510787.3787818,Phone Camera
Rambo,1748510787.4185572,Phone Camera
Rambo,1748510787.4585614,Phone Camera
Rambo,1748510787.499392,Phone Camera
Rambo,1748510787.5455248,Phone Camera
Rambo,1748510787.5895565,Phone Camera
Rambo,1748510787.6355538,Phone Camera
Rambo,1748510787.673488,Phone Camera
Rambo,1748510787.730614,Phone Camera
Rambo,1748510787.7704153,Phone Camera
Rambo,1748510787.8115141,Phone Camera
Rambo,1748510787.856667,Phone Camera
Rambo,1748510787.9035878,Phone Camera
Rambo,1748510787.9446132,Phone Camera
Rambo,1748510787.986422,Phone Camera
Rambo,1748510788.0319655,Phone Camera
Rambo,1748510788.0791802,Phone Camera
Rambo,1748510788.123597,Phone Camera
Rambo,1748510788.163402,Phone Camera
Rambo,1748510788.2033703,Phone Camera
Rambo,1748510788.2454243,Phone Camera
Rambo,1748510788.286576,Phone Camera
Rambo,1748510788.3283927,Phone Camera
Rambo,1748510788.3722491,Phone Camera
Rambo,1748510788.4116166,Phone Camera
Rambo,1748510788.4484537,Phone Camera
Rambo,1748510788.4872804,Phone Camera
Rambo,1748510788.5272384,Phone Camera
Rambo,1748510788.5685484,Phone Camera
Rambo,1748510788.6076062,Phone Camera
Rambo,1748510788.6510875,Phone Camera
Rambo,1748510788.6915257,Phone Camera
Rambo,1748510788.731259,Phone Camera
Rambo,1748510788.7706153,Phone Camera
Rambo,1748510788.8126142,Phone Camera
Rambo,1748510788.8543496,Phone Camera
Rambo,1748510788.8925886,Phone Camera
Rambo,1748510788.9362738,Phone Camera
Rambo,1748510788.9804332,Phone Camera
Rambo,1748510789.022939,Phone Camera
Rambo,1748510789.0624115,Phone Camera
Rambo,1748510789.1026897,Phone Camera
Rambo,1748510789.1474628,Phone Camera
Rambo,1748510789.1955569,Phone Camera
Rambo,1748510789.23946,Phone Camera
Rambo,1748510789.2862206,Phone Camera
Rambo,1748510789.328481,Phone Camera
Rambo,1748510789.3684242,Phone Camera
Rambo,1748510789.4153354,Phone Camera
Rambo,1748510789.4572656,Phone Camera
Rambo,1748510789.4984584,Phone Camera
Rambo,1748510789.5424142,Phone Camera
Rambo,1748510789.5886455,Phone Camera
Rambo,1748510789.6283205,Phone Camera
Rambo,1748510789.668464,Phone Camera
Rambo,1748510789.711352,Phone Camera
Rambo,1748510789.7545624,Phone Camera
Rambo,1748510789.796332,Phone Camera
Rambo,1748510789.8343248,Phone Camera
Rambo,1748510789.8716636,Phone Camera
Rambo,1748510789.9086795,Phone Camera
Rambo,1748510789.9573941,Phone Camera
Rambo,1748510789.9953864,Phone Camera
Rambo,1748510790.0414042,Phone Camera
Rambo,1748510790.0836565,Phone Camera
Rambo,1748510790.1263864,Phone Camera
Rambo,1748510790.165249,Phone Camera
Rambo,1748510790.2056093,Phone Camera
Rambo,1748510790.2462387,Phone Camera
Rambo,1748510790.2883327,Phone Camera
Rambo,1748510790.3283956,Phone Camera
Rambo,1748510790.370136,Phone Camera
Rambo,1748510790.4143279,Phone Camera
Rambo,1748510790.4529438,Phone Camera
Rambo,1748510790.4943855,Phone Camera
Rambo,1748510790.538735,Phone Camera
Rambo,1748510790.5772898,Phone Camera
Rambo,1748510790.6211355,Phone Camera
Rambo,1748510790.659397,Phone Camera
Rambo,1748510790.7007008,Phone Camera
Rambo,1748510790.7402818,Phone Camera
Rambo,1748510790.7832797,Phone Camera
Rambo,1748510790.828328,Phone Camera
Rambo,1748510790.878737,Phone Camera
Rambo,1748510790.9242513,Phone Camera
Rambo,1748510790.9728181,Phone Camera
Rambo,1748510791.0165813,Phone Camera
Rambo,1748510791.0586293,Phone Camera
Rambo,1748510791.0987787,Phone Camera
Rambo,1748510791.1376643,Phone Camera
Rambo,1748510791.180676,Phone Camera
Rambo,1748510791.2256303,Phone Camera
Rambo,1748510791.2716506,Phone Camera
Rambo,1748510791.3142712,Phone Camera
Rambo,1748510791.362716,Phone Camera
Rambo,1748510791.4044738,Phone Camera
Rambo,1748510791.4484665,Phone Camera
Rambo,1748510791.4895,Phone Camera
Rambo,1748510791.5306222,Phone Camera
Rambo,1748510791.5712657,Phone Camera
Rambo,1748510791.6156287,Phone Camera
Rambo,1748510791.6627548,Phone Camera
Rambo,1748510791.7105134,Phone Camera
Rambo,1748510791.759557,Phone Camera
Unknown,1748510822.8767374,Phone Camera
Unknown,1748510822.9362829,Phone Camera
Unknown,1748510823.0429244,Phone Camera
Unknown,1748510823.0893881,Phone Camera
Unknown,1748510823.1971154,Phone Camera
Unknown,1748510823.222728,Phone Camera
Unknown,1748510823.2719216,Phone Camera
Unknown,1748510823.2930813,Phone Camera
Unknown,1748510823.342504,Phone Camera
Unknown,1748510823.3663797,Phone Camera
Unknown,1748510823.4183393,Phone Camera
Unknown,1748510823.4443042,Phone Camera
Unknown,1748510823.4956086,Phone Camera
Unknown,1748510823.526412,Phone Camera
Unknown,1748510823.5824058,Phone Camera
Unknown,1748510823.609608,Phone Camera
Unknown,1748510823.6605093,Phone Camera
Unknown,1748510823.6942277,Phone Camera
Unknown,1748510823.7468317,Phone Camera
Unknown,1748510823.7681859,Phone Camera
Unknown,1748510823.8117867,Phone Camera
Unknown,1748510823.834405,Phone Camera
Unknown,1748510823.878029,Phone Camera
Unknown,1748510823.898213,Phone Camera
Unknown,1748510823.9423954,Phone Camera
Unknown,1748510823.9637253,Phone Camera
Unknown,1748510824.0065024,Phone Camera
Unknown,1748510824.0258563,Phone Camera
Unknown,1748510824.0713637,Phone Camera
Unknown,1748510824.0894897,Phone Camera
Unknown,1748510824.1354916,Phone Camera
Unknown,1748510824.1562948,Phone Camera
Unknown,1748510824.2005918,Phone Camera
Unknown,1748510824.2235034,Phone Camera
Unknown,1748510824.2679012,Phone Camera
Unknown,1748510824.2909458,Phone Camera
Unknown,1748510824.3369064,Phone Camera
Unknown,1748510824.3567216,Phone Camera
Unknown,1748510824.4016879,Phone Camera
Unknown,1748510824.4218378,Phone Camera
Unknown,1748510824.4665248,Phone Camera
Unknown,1748510824.4844182,Phone Camera
Unknown,1748510824.5280337,Phone Camera
Unknown,1748510824.547963,Phone Camera
Unknown,1748510824.591906,Phone Camera
Unknown,1748510824.609925,Phone Camera
Unknown,1748510824.6565635,Phone Camera
Unknown,1748510824.6765182,Phone Camera
Unknown,1748510824.720042,Phone Camera
Unknown,1748510824.7407446,Phone Camera
Unknown,1748510824.7808218,Phone Camera
Unknown,1748510824.79976,Phone Camera
Unknown,1748510824.8466718,Phone Camera
Unknown,1748510824.869728,Phone Camera
Unknown,1748510824.9225812,Phone Camera
Unknown,1748510824.94292,Phone Camera
Unknown,1748510824.9825637,Phone Camera
Unknown,1748510825.0010264,Phone Camera
Unknown,1748510825.0445638,Phone Camera
Unknown,1748510825.0665746,Phone Camera
Unknown,1748510825.1098714,Phone Camera
Unknown,1748510825.127801,Phone Camera
Unknown,1748510825.1724107,Phone Camera
Unknown,1748510825.191932,Phone Camera
Unknown,1748510825.2365844,Phone Camera
Unknown,1748510825.2556129,Phone Camera
Unknown,1748510825.299972,Phone Camera
Unknown,1748510825.3188462,Phone Camera
Unknown,1748510825.3644614,Phone Camera
Unknown,1748510825.3842633,Phone Camera
Unknown,1748510825.42436,Phone Camera
Unknown,1748510825.4449642,Phone Camera
Unknown,1748510825.4905705,Phone Camera
Unknown,1748510825.510362,Phone Camera
Unknown,1748510825.5530226,Phone Camera
Unknown,1748510825.5729332,Phone Camera
Unknown,1748510825.6152809,Phone Camera
Unknown,1748510825.6362746,Phone Camera
Unknown,1748510825.6816459,Phone Camera
Unknown,1748510825.701972,Phone Camera
Unknown,1748510825.7455094,Phone Camera
Unknown,1748510825.7643316,Phone Camera
Unknown,1748510825.8067114,Phone Camera
Unknown,1748510825.8277068,Phone Camera
Unknown,1748510825.8730385,Phone Camera
Unknown,1748510825.8928223,Phone Camera
Unknown,1748510825.9381416,Phone Camera
Unknown,1748510825.9580598,Phone Camera
Unknown,1748510826.0029404,Phone Camera
Unknown,1748510826.0227332,Phone Camera
Unknown,1748510826.0682497,Phone Camera
Unknown,1748510826.0882287,Phone Camera
Unknown,1748510826.130901,Phone Camera
Unknown,1748510826.149391,Phone Camera
Unknown,1748510826.194492,Phone Camera
Unknown,1748510826.2180133,Phone Camera
Unknown,1748510826.264752,Phone Camera
Unknown,1748510826.2830825,Phone Camera
Unknown,1748510826.3297627,Phone Camera
Unknown,1748510826.3480723,Phone Camera
Unknown,1748510826.392816,Phone Camera
Unknown,1748510826.4128697,Phone Camera
Unknown,1748510826.4545288,Phone Camera
Unknown,1748510826.4765182,Phone Camera
Unknown,1748510826.5210648,Phone Camera
Unknown,1748510826.5419514,Phone Camera
Unknown,1748510826.5843284,Phone Camera
Unknown,1748510826.6045995,Phone Camera
Unknown,1748510826.654601,Phone Camera
Unknown,1748510826.67294,Phone Camera
Unknown,1748510826.7210236,Phone Camera
Unknown,1748510826.739836,Phone Camera
Unknown,1748510826.7936115,Phone Camera
Unknown,1748510826.8127506,Phone Camera
Unknown,1748510826.8535228,Phone Camera
Unknown,1748510826.872836,Phone Camera
Unknown,1748510826.9179769,Phone Camera
Unknown,1748510826.9380527,Phone Camera
Unknown,1748510826.981927,Phone Camera
Unknown,1748510827.0008805,Phone Camera
Unknown,1748510827.0444846,Phone Camera
Unknown,1748510827.0657349,Phone Camera
Unknown,1748510827.109824,Phone Camera
Unknown,1748510827.131022,Phone Camera
Unknown,1748510827.1844816,Phone Camera
Unknown,1748510827.205821,Phone Camera
Unknown,1748510827.254648,Phone Camera
Unknown,1748510827.2758372,Phone Camera
Unknown,1748510827.3297691,Phone Camera
Unknown,1748510827.3481445,Phone Camera
Unknown,1748510827.3878791,Phone Camera
Unknown,1748510827.4082122,Phone Camera
Unknown,1748510827.4530668,Phone Camera
Unknown,1748510827.4745617,Phone Camera
Unknown,1748510827.5194428,Phone Camera
Unknown,1748510827.539303,Phone Camera
Unknown,1748510827.5882626,Phone Camera
Unknown,1748510827.6080809,Phone Camera
Unknown,1748510827.652738,Phone Camera
Unknown,1748510827.6745136,Phone Camera
Unknown,1748510827.7181313,Phone Camera
Unknown,1748510827.7382603,Phone Camera
Unknown,1748510827.792008,Phone Camera
Unknown,1748510827.8136075,Phone Camera
Unknown,1748510827.8600283,Phone Camera
Unknown,1748510827.8795364,Phone Camera
Unknown,1748510827.9299946,Phone Camera
Unknown,1748510827.9493089,Phone Camera
Unknown,1748510828.0044005,Phone Camera
Unknown,1748510828.023612,Phone Camera
Unknown,1748510828.062758,Phone Camera
Unknown,1748510828.0811234,Phone Camera
Unknown,1748510828.1367981,Phone Camera
Unknown,1748510828.1561964,Phone Camera
Unknown,1748510828.2030258,Phone Camera
Unknown,1748510828.2244642,Phone Camera
Unknown,1748510828.2730849,Phone Camera
Unknown,1748510828.2919483,Phone Camera
Unknown,1748510828.340519,Phone Camera
Unknown,1748510828.359371,Phone Camera
Unknown,1748510828.406625,Phone Camera
Unknown,1748510828.4281085,Phone Camera
Unknown,1748510828.4729326,Phone Camera
Unknown,1748510828.4935184,Phone Camera
Unknown,1748510828.544606,Phone Camera
Unknown,1748510828.5646627,Phone Camera
Unknown,1748510828.6143098,Phone Camera
Unknown,1748510828.6355572,Phone Camera
Unknown,1748510828.681966,Phone Camera
Unknown,1748510828.702876,Phone Camera
Unknown,1748510828.7466094,Phone Camera
Unknown,1748510828.7676938,Phone Camera
Unknown,1748510828.8266752,Phone Camera
Unknown,1748510828.8457055,Phone Camera
Unknown,1748510828.89581,Phone Camera
Unknown,1748510828.9146078,Phone Camera
Unknown,1748510828.957728,Phone Camera
Unknown,1748510828.975788,Phone Camera
Unknown,1748510829.0299342,Phone Camera
Unknown,1748510829.0546498,Phone Camera
Unknown,1748510829.1066852,Phone Camera
Unknown,1748510829.1266773,Phone Camera
Unknown,1748510829.1627555,Phone Camera
Unknown,1748510829.1827893,Phone Camera
Unknown,1748510829.2254725,Phone Camera
Unknown,1748510829.2456799,Phone Camera
Unknown,1748510829.2919707,Phone Camera
Unknown,1748510829.312097,Phone Camera
Unknown,1748510829.35814,Phone Camera
Unknown,1748510829.376516,Phone Camera
Unknown,1748510829.4226358,Phone Camera
Unknown,1748510829.444426,Phone Camera
Unknown,1748510829.492134,Phone Camera
Unknown,1748510829.513056,Phone Camera
Unknown,1748510829.5563095,Phone Camera
Unknown,1748510829.5783222,Phone Camera
Unknown,1748510829.6314821,Phone Camera
Unknown,1748510829.6509066,Phone Camera
Unknown,1748510829.6964376,Phone Camera
Unknown,1748510829.7193828,Phone Camera
Unknown,1748510829.766602,Phone Camera
Unknown,1748510829.7881107,Phone Camera
Unknown,1748510829.831723,Phone Camera
Unknown,1748510829.853003,Phone Camera
Unknown,1748510829.902023,Phone Camera
Unknown,1748510829.919879,Phone Camera
Unknown,1748510829.9628458,Phone Camera
Unknown,1748510829.9944544,Phone Camera
Unknown,1748510830.0446227,Phone Camera
Unknown,1748510830.0614736,Phone Camera
Unknown,1748510830.1056354,Phone Camera
Unknown,1748510830.125733,Phone Camera
Unknown,1748510830.178234,Phone Camera
Unknown,1748510830.2082107,Phone Camera
Unknown,1748510830.2581074,Phone Camera
Unknown,1748510830.2782788,Phone Camera
Unknown,1748510830.322887,Phone Camera
Unknown,1748510830.343072,Phone Camera
Unknown,1748510830.3868577,Phone Camera
Unknown,1748510830.4066765,Phone Camera
Unknown,1748510830.4533603,Phone Camera
Unknown,1748510830.4744852,Phone Camera
Unknown,1748510830.5199099,Phone Camera
Unknown,1748510830.5381784,Phone Camera
Unknown,1748510830.584503,Phone Camera
Unknown,1748510830.603001,Phone Camera
Unknown,1748510830.659315,Phone Camera
Unknown,1748510830.6779804,Phone Camera
Unknown,1748510830.7231245,Phone Camera
Unknown,1748510830.7446902,Phone Camera
Unknown,1748510830.7898996,Phone Camera
Unknown,1748510830.8105137,Phone Camera
Unknown,1748510830.8544865,Phone Camera
Unknown,1748510830.8757563,Phone Camera
Unknown,1748510830.9214573,Phone Camera
Unknown,1748510830.9427776,Phone Camera
Rambo,1748510830.9965305,Phone Camera
Unknown,1748510831.014553,Phone Camera
Unknown,1748510831.0620184,Phone Camera
Unknown,1748510831.0898342,Phone Camera
Rambo,1748510831.1445653,Phone Camera
Unknown,1748510831.1654174,Phone Camera
Rambo,1748510831.2025697,Phone Camera
Unknown,1748510831.221542,Phone Camera
Unknown,1748510831.2682161,Phone Camera
Unknown,1748510831.2868586,Phone Camera
Unknown,1748510831.334494,Phone Camera
Unknown,1748510831.3607624,Phone Camera
Rambo,1748510831.4155436,Phone Camera
Unknown,1748510831.4371636,Phone Camera
Rambo,1748510831.4765642,Phone Camera
Unknown,1748510831.4985807,Phone Camera
Rambo,1748510831.5344303,Phone Camera
Unknown,1748510831.5531023,Phone Camera
Rambo,1748510831.5908484,Phone Camera
Unknown,1748510831.6127663,Phone Camera
Rambo,1748510831.6509707,Phone Camera
Unknown,1748510831.673003,Phone Camera
Unknown,1748510831.7193067,Phone Camera
Unknown,1748510831.7395675,Phone Camera
Rambo,1748510831.7928283,Phone Camera
Unknown,1748510831.8119059,Phone Camera
Unknown,1748510831.8544476,Phone Camera
Unknown,1748510831.8746314,Phone Camera
Rambo,1748510831.9297738,Phone Camera
Unknown,1748510831.9481316,Phone Camera
Unknown,1748510831.9899385,Phone Camera
Unknown,1748510832.0118668,Phone Camera
Unknown,1748510832.0644732,Phone Camera
Unknown,1748510832.0846138,Phone Camera
Unknown,1748510832.1282027,Phone Camera
Unknown,1748510832.1481693,Phone Camera
Unknown,1748510832.1924608,Phone Camera
Unknown,1748510832.2129564,Phone Camera
Rambo,1748510832.2725928,Phone Camera
Unknown,1748510832.2930462,Phone Camera
Rambo,1748510832.331556,Phone Camera
Unknown,1748510832.3545518,Phone Camera
Rambo,1748510832.3935084,Phone Camera
Unknown,1748510832.4145818,Phone Camera
Rambo,1748510832.451967,Phone Camera
Unknown,1748510832.472026,Phone Camera
Rambo,1748510832.5146015,Phone Camera
Unknown,1748510832.5380824,Phone Camera
Rambo,1748510832.5776808,Phone Camera
Unknown,1748510832.596711,Phone Camera
Rambo,1748510832.6349802,Phone Camera
Unknown,1748510832.656579,Phone Camera
Rambo,1748510832.6928165,Phone Camera
Unknown,1748510832.7166169,Phone Camera
Rambo,1748510832.756635,Phone Camera
Unknown,1748510832.775579,Phone Camera
Rambo,1748510832.8210495,Phone Camera
Unknown,1748510832.8406549,Phone Camera
Rambo,1748510832.8781676,Phone Camera
Unknown,1748510832.9004955,Phone Camera
Rambo,1748510832.9397674,Phone Camera
Unknown,1748510832.958113,Phone Camera
Rambo,1748510833.0000072,Phone Camera
Unknown,1748510833.019733,Phone Camera
Rambo,1748510833.062001,Phone Camera
Unknown,1748510833.0819414,Phone Camera
Rambo,1748510833.1197793,Phone Camera
Unknown,1748510833.1415384,Phone Camera
Rambo,1748510833.1809344,Phone Camera
Unknown,1748510833.2019918,Phone Camera
Rambo,1748510833.2427225,Phone Camera
Unknown,1748510833.2629242,Phone Camera
Rambo,1748510833.2997177,Phone Camera
Unknown,1748510833.3199353,Phone Camera
Rambo,1748510833.3565264,Phone Camera
Unknown,1748510833.3768523,Phone Camera
Rambo,1748510833.4181647,Phone Camera
Unknown,1748510833.4396563,Phone Camera
Rambo,1748510833.4765346,Phone Camera
Unknown,1748510833.4980469,Phone Camera
Rambo,1748510833.5367923,Phone Camera
Unknown,1748510833.5577126,Phone Camera
Rambo,1748510833.5965524,Phone Camera
Unknown,1748510833.6165385,Phone Camera
Rambo,1748510833.6582642,Phone Camera
Unknown,1748510833.6845236,Phone Camera
Rambo,1748510833.7246845,Phone Camera
Unknown,1748510833.7400334,Phone Camera
Rambo,1748510833.779954,Phone Camera
Unknown,1748510833.7998343,Phone Camera
Rambo,1748510833.8429608,Phone Camera
Unknown,1748510833.8629806,Phone Camera
Rambo,1748510833.9045033,Phone Camera
Unknown,1748510833.9313517,Phone Camera
Rambo,1748510833.9697535,Phone Camera
Unknown,1748510833.9919336,Phone Camera
Rambo,1748510834.0317616,Phone Camera
Unknown,1748510834.0665395,Phone Camera
Rambo,1748510834.103015,Phone Camera
Unknown,1748510834.1229148,Phone Camera
Rambo,1748510834.1637144,Phone Camera
Unknown,1748510834.1827736,Phone Camera
Rambo,1748510834.2180438,Phone Camera
Unknown,1748510834.2394724,Phone Camera
Rambo,1748510834.2808785,Phone Camera
Unknown,1748510834.3011303,Phone Camera
Rambo,1748510834.340487,Phone Camera
Unknown,1748510834.3618495,Phone Camera
Rambo,1748510834.4007487,Phone Camera
Unknown,1748510834.431828,Phone Camera
Unknown,1748510834.4756887,Phone Camera
Unknown,1748510834.494537,Phone Camera
Unknown,1748510834.547614,Phone Camera
Unknown,1748510834.568153,Phone Camera
Unknown,1748510834.6058815,Phone Camera
Unknown,1748510834.6258838,Phone Camera
Unknown,1748510834.66451,Phone Camera
Unknown,1748510834.6877372,Phone Camera
Unknown,1748510834.7283106,Phone Camera
Unknown,1748510834.7614992,Phone Camera
Unknown,1748510834.7981865,Phone Camera
Unknown,1748510834.817755,Phone Camera
Unknown,1748510834.856673,Phone Camera
Unknown,1748510834.87661,Phone Camera
Unknown,1748510834.91466,Phone Camera
Unknown,1748510834.937616,Phone Camera
Unknown,1748510834.9820116,Phone Camera
Unknown,1748510835.0029814,Phone Camera
Unknown,1748510835.0429533,Phone Camera
Unknown,1748510835.0618742,Phone Camera
Unknown,1748510835.098307,Phone Camera
Unknown,1748510835.1209483,Phone Camera
Unknown,1748510835.1607044,Phone Camera
Unknown,1748510835.1809962,Phone Camera
Unknown,1748510835.21815,Phone Camera
Unknown,1748510835.2394667,Phone Camera
Unknown,1748510835.2781413,Phone Camera
Unknown,1748510835.300608,Phone Camera
Unknown,1748510835.3381212,Phone Camera
Unknown,1748510835.3593323,Phone Camera
Unknown,1748510835.4008234,Phone Camera
Unknown,1748510835.41802,Phone Camera
Unknown,1748510835.4609506,Phone Camera
Unknown,1748510835.491816,Phone Camera
Unknown,1748510835.5283625,Phone Camera
Unknown,1748510835.551973,Phone Camera
Unknown,1748510835.5956364,Phone Camera
Unknown,1748510835.6165884,Phone Camera
